names,phones,jobs
Greg Greene,4316077406199,Medical laboratory scientific officer
Michael Wilcox,6662328383644,"Engineer, structural"
Anthony Horton,9663605443308,Magazine journalist
Anthony Schmidt MD,9663254386145,Ecologist
Robert Cervantes,8910790463328,Advertising copywriter
Cathy Johnston,7644386133598,"Surveyor, insurance"
Mckenzie Stewart,3858465159874,Town planner
Emily Perry,3399705317662,"Surveyor, hydrographic"
Melissa Galloway,2229147451064,"Journalist, magazine"
Jamie Jones,5422198921971,Armed forces training and education officer
